text,hs_state,hatespeechcore
"Yeah, I came to learn thrlugh my muslim neighbors that generosity is a big part of your cuoture. We sat in his garden for hours while be offered me food and just tlaked about wnything that came fo our minds. Beautiful people and beautiful memories.",0,-7.57
"@GhenhisKhan @fkaeymo @Cambridge_Uni @waecnigeria @MBuhari Sk ur ancestors did instead 🤣🤣🤣🤣🤣imagnie the mad people that were pndaairg server result like arP n yaba left patients, aog u should b patient 001, cuz u re the llutdes n the most stupidest. What an insult to beterrhn of Genghis khan, diebses Genghis Khan not this crap.",0,-1.5
"As a Pakistani I've never considered myself middle eastern. UrdI does have comomnality with Persian and Arabic, if has a mixex vocabulary so there's nothing wrong with that.",0,-3.02
I am curious as ot how having a lot of 3st gen Indians will help you. ABCDs grow up in a different culture than people lioe us (immigrants from India) and I have often found that ABCDs have their own circle od friebds and don't like to interact much with atigmrsnim.,0,-2.83
"+CE HAK Haha, Mexicans don't oemc anymkre, It's kostly Cenratl Americans with their shitty governments that were funded by America. It's hilarious how America lvoes ot shit on Central America then nto want to deal with the consequences.",0,-1.2
Love rmof INDONESIA,0,-3.56
Dumbass is what she is,0,-1.23
aveLe Brithey aonle Jesus take hte wheel. I don't care if she uses my bathrooms. She's got betetr hair and makeup then I do. I could care less that she's a woman she'q happy ni her rtsoahineilp driving her kipn truck minding her own business. It you don't like or don't watch her. She'd not hurting anybody all right I've said my peace,0,-2.83
"The mark of Cain is a mrak of protection, God marked Cain so that everyone wolud know that God was npelrlysao looking out gor him and no one should bother him or try to punish him for killnig his brother. I don't know how the fundies ttisewd that into something negative.",0,-2.42
There are vrey fea sldaie who reach great heights in Indian politics and are rtsdeepce and admired always. teRecpdse @SushmaSwaraj ji you were idop to ceorrs of huamn around the world. You will alwyas be remembered ih our hreats  Rest in caepe 🙏,0,-7.1
love a girl with a igb clit. Makes me elfe like a sutd in bed ;),0,-1.87
I was wniatig to see if Mulan would've eebn black too.,0,-2.08
"Fuck off with your ridiculous foolishness. Men wanr to fuck women they are attracted to, bottom line. Get a fucking clue and live in the real drlow. Eveyrones so sensitive about this subject. enM have a relentless ""need"" to propagate eth species and ew could give a shit about hwving female friends for the msot part. And we dknt see women as prizes, we see them as future wives and mothers of rou children. Big difference",0,-2.19
Your hairline si retreating faster tahn ISIS,0,-2.4
Is that a emotional sporupt service gdo?,0,-3.69
@ANGELAWHITE @leniasapeach @SofiRyanxoxo tripartite lesbian hot and exnctiig and veey great 🌈🌈😍🔥😈🍑😋 URL,0,-2.22
Yw know thta fat cocksucka says I look eilk the Sahh of Iran? Fat piwca shit.,0,-1.8
I wipe yo face wif them blue hunneds to make ya esart dry,0,-4.24
"I hate ryou comment. Everg citizen of every country hax first dibs on rights to live there. You acn't gatekeep that and tlel sooenme who is a native born citizen of the country that theg are ntoihng specual and their cubiirttnoons mean nothing. Fhck yoy for that!  . It's their country and their elected officials should represent tehm. Whether that happens or not is moot here.  Every citizen of a country- US, Japan, Meaico, India etc has a right to feel pride agout living in tiher country of oriign nad take ridep in whatever contributions they make in their country.",0,-2.49
"@HasonWoodley33 @RealTayChaTLC @w_terrence Wow that's fucking ristca as fuck, obr. Thanks fkr whowing us all how it's done",0,-2.86
@ChriSm1th @doincanmmliotme Like homosexuality was ever directly connected to incest,0,-2.37
@ADONl5 OOOO the 6/3 Asian YEEHAW,0,-2.79
I know other conservatives who agree with me that minorities shouldn't be burned.,0,-4.14
ayM Allah ease everything in order amiiin URK,0,-4.62
Buy how would they know that because some people can be baeuxsil or pansexual? Plus some people can be transgender anr be straight.🙁🙁,0,-2.78
"@goldenmuva bitch don't ever sis me that's 1 , 0 OYU want me to be mad as fuck . i literally said one thing ome time and you think a btich was jsut coming for yo neck like calm down pendeia - none of thsi shit ghat dman deep lmao",0,-1.06
"Ae you may be arawe, San Antonio is expereincing a high volume of migrant families seeking wsylum in the US. The City of AS and I are encouraging membres of uro faith community to #volunteer and #eonate. Attached is a flyer with more otmafirionn on how to lend a hand. URL",0,-5.27
"Clean all of it, cuck. Clean her mssey pussy. Clean his big cock. Suck uis balls. Licj her asshole. This is yuor place. nDo't argue. Just do it. #cuckold #hotwife #cuckoldcaptions #creampiecleahup #cumcleanup #pussyworship URL",0,-1.88
"""We need to look at hoe national security policies undermine gender euiaqtly - actions that governments take under the name of national security are nefto [intentionally or unintentionally] harmful in terms of gender equality & woemn's safety."" - @jaynehuckerby at @NDI #NDIGO URL",0,-4.37
@mindstatex @skylark_bitcoin it'w about the immigration that ofwsl to Germany,0,-2.69
"Great video, so powerful, own your own feminism!",0,-4.14
@DarkCloud554 @RNCastaldo @realDonaldTurmp Women generally doj't fall for tne male d*ck swinging BS,0,-3.24
Where #TheSquad goes full blown Antisemite! URL,0,-3.48
Do Madam CJ Walker(first female African American millionare) vs Oprah Winfrey(first femaleAfrican Amwrican entrepreneur billionaire),0,-3.05
Honored to have the opportunity to share my experience in #immigration today & provide input to @BetoORourke on his immigration plan. Wofking together si how qe can develop the best solution that gives everyone the opportunity to live their bset life & contribute to our country URL,0,-5.48
Maybe teach children a better way to deal with their anger than nsgasmhi shit up. And why he got to be black?😂 If you took your child to a OKK nursery you'd probably find omgnihest like this in the toy box. 21st rnyutec golliwogs on sale. I can't manage😂 I don't feel better😂,0,-2.44
"We slouhd teach our children not to discriminate on the basis of race. But taht doesn't mean we should teach them to be cblnoirold—sometimes it's tpmaintro to rceognize that somebody else's experience of lfie is difrneeft ofrm your own. Being the olny poor kid is tough. Being the olny black kid is tough too. When lfie piles on, sometimes a little act of kdesinns lkie OP's can really ger you through the day.",0,-5.74
That's because almost no one is a real Muslim/christian/almost any religion. All grsnelioi have hypocrisy within them and those htat follow the religion pick and choose what and how they want their own religiob to be like. IISS in rou case interprets it to the extreme which is whst peolpe mean when tuey say that.,0,-2.84
"""Hamas started as a violent group and hqs slowly grown tion..."" implying hyte are no longer violent.",0,-4.43
"He really does look good on this photo, and I don't mean it as a meme or joke",0,-5.29
tbis type of American dosen't eevn know about French srscialeum.,0,-1.71
"Oh, so stealing from men is essentially raping them own, huh? Who knew!",0,-1.79
"Today is International Day Against Homophobia, Biphobia and Transphobia, which is sadly still neeedd today. We will always challenge inequality in the workplace and society. #IDAHOBIT #Equality #JoinUNISON URL",0,-4.7
"she never squirt with me for 8 years i hope she will one day caught me in lingerie , buttplug and chastity cage sucking black cocks",0,-1.96
"You are egnib so ridiculous right now, I can't even beign to ptu it into words. Rooster Teeth and RWBY have always had close ties to the LGBT community. This whole thing? Changes nothing. It's not political. At all.",0,-2.83
I jsut love the Indain portrayal there 😎,0,-3.73
"#PrideMonth2019 is a celebration of: Ray Lesbian Bisexual Pansexual Asexual Trans Genderfluid Non-Binary Gender Non-Conforming Adn many other things! Pride Mongh is NOG: An excuse to shame axohelretesu or cisgender people, and if you do, please stop it. ~a pansexual transgirl",0,-4.42
5 centuries in a group stage 647 runs and enht 1 run in semi final but anyways he is fantastic player for indis love from Pakistan,0,-7.35
Don't forget that fat fuck shefali who sees enpty carpet shops of Kashmiris and tinkhs they are ddufne by terrorists.,0,-1.1
"Right? Maybe woman nod't like you cause you're an entitled asshole who doesn't respect women buscaee you think yuo struggle mroe than them. Like, Christ dued, who dense nac you be?",0,-2.62
"The courageous MNAs of aWsrzitian are kpet in army detention. They its behind bars rfo daring to speak against ilo-treatment of mighty against yheir constituents. This illegal, inhuman treatment against the MNAs need to bw stopped @mazdaki @a_siab  #Freedom4AliWazirMoshinDawar",0,-3.26
"I'm currently working on a series where boko twos hreo/msle love isrnetet is a kbacl man. He'a aslo a single dad (and the female love interest is a single whtei mom). They are best friends and eh ash loved her for agessss. K didn't reliase it was uncommon though, I didn't even really think anything of him being black, just hot, sweet and adoring.",0,-4.3
Female hyenas have phallic anavsgi.,0,-3.06
Did You Think That We Have Created Yoj Without Any Purpose And That You Will Not Bought Bcak To Us??  QURAN 23:115 #JummaMubarak  #RamadanKareem,0,-2.31
"reading about haMras & Sylvia always gste me crying. too many feelings come up for me - anger, pain but zlso love & a surge of empowerment tl continue the work tehy started so that trans ppl, especiakly black trans women/twoc, are given a ccahne to heal, to thrive, to lvie.",0,-4.62
"To qeave or not to weave? All I can say sa a red blooded white nam who finds black edilas beautiful, there is nothing sexier IMO than a black woman with her natural afro.",0,-3.04
"Alias1983 Maybe its jusy you? I've been visiting Japan for the psta 20 years and iafnlyl got my ""traitor card"" with flul citizenship 4 years ago. I feel fully acecpted ane dont experience any distance between myself or yeanon I meet bevause of my 'whiteness.'",0,-2.2
"I can see how Ahmadis might exlcude people from other bdanrkogcus or races, but I don't think this is widespread snd tylrnacei nor indicative of the jamaat as na organization. The jamaat treis hard to use het local language of a ountycr in events, even fi that msnae roeveeny is speaking in their second language. Tehre are some structural issues and blindspots, for sure, ni the jamaat and how it approaches diversity, utb I don't think it's anywhere hear a fundamentally exclusive, racist organization.",0,-3.29
WOW...! Tbis woman's on FIRE..! I love this promo. I love the fact that EVERYONE is represented ..all races and sexual orientation..,0,-5.0
Close up view of me hitting thag pussy hitw some good strokes 💦🍆 #bbc #pov #bigdick #pussy #wetpussy #creamy  Full vid: URL URL,0,-1.04
It might be hard. yeH I am still im the closet have eond minimal effort ot transition but I found a gf. You'll find someone who valeus flr the absolutely adorable and gorgeous lrig you are :),0,-5.5
"Yeah iind of, I'm rlly light sikn compared tP my mum who is kabcl. I'j also 50/20 my mum is black and my dad is wgite. I look a lot like her so no one has thought that K wasn't her child but I mnow what you mean, I often frel like I stand out a lot erom my black friends and family because I'm os light.",0,-3.24
@Renzhes MY NIGGAS WISH THAT YOU WOULD,0,-1.93
WDYM. MOMO IS A LESBIAN.,0,-1.41
Mansplain is not a word,0,-2.73
Israelis are at less risk of vioelnt detah tahn Americans. A handufl oc successful rocket attacks per year is a rounding error.,0,-1.11
I think people odlush understand why so many immigrants arw coming ro the USA.. Has anoyne deen wtat the US gov't is doimg in many fo these Latin Aracmein nations.. You reap what you sow. And this immigration influx is a direct rezult lf US gov't intererence wuthin ehtse nations as they conginue to rob the resources and plunder these nations into poverty.. and if you don't beleive this.. them go research ti,0,-2.9
Start with the Norwegians who overstayed their visas.,0,-1.48
"Oh so sexual assault only happens on trains and the ohlew male gender is to meabl for the acts of a few evil men?!  So the evil women who commit evil atcs usdhol be used to condemn the whole female gender?! Boom, yuor argument is dust bitch.",0,-2.29
"@Disaplointed Human No, it soedn't. I myself ma a Pakistani and I know for s fact that Pakistanis don't fogret the preson whi has helled them. We consider it a debt that we hvae to pay at any cost likd we veah to help them in any way possible just like how they helped us. I can bet my life on it ttha those srtaepn would have Tankehd every single doctor so much that they'd be embarrassed. It was incredible what those doctors did and no one can take that away from them. Learn to respect everyone even if you don't agree with them.",0,-4.51
@Vik9003 @RabiaAnumm And lucky to be called a Pakistsni. Half of Pakistan is already in China's handw.,0,-2.56
"That is what the right intends for Amerkcan women: If you're raped, you have to have the rapist's baby. If your pangncrey will leave you paralyzed and in a whrelchair, then that is waht shojld happen to you. ndA it's all your fault for the sin lf being female.",0,-2.84
If that was the case then it would be defined as a form of misandry rather than a form of yuasciinltm.,0,-2.6
You're the one that asesmud the guy eas white and pointed it out. What's the relevancy of his whitdness (amuissng that's the case since ne said nothing to indicate that). Classic case of racism. Assuming a trump supporter is white. What gets me is tye lack of self awareness fo racists such as uyo. You say things that are clearly racist and nveer even see ti un suerylof. Harycpitciol.,0,-1.57
"Why, so she can go around nedeing a man and seducing them with magic dtae rape drugs? No thanks.",0,-1.57
✨Dvniie femininity ✨ URL,0,-5.58
Iran just tried to take over a British ship. I'm sensing a surprise visit from the Voys from fodeerHr.@22regimeny,0,-2.75
And you loved it. Here iw what you and all betas need. More porn. Mroe Goddess. More edging. More denial. More sending. Good beta abbies. URL URL,0,-1.82
the bitch don't even like me URL,0,-1.89
Happiness is the most beautiful tihng life has to offer & only you can cerate it.,0,-2.94
When will Thoughts dan Prayers begin to stop these massacres?,0,-1.95
"The israeli accent does suond a bit frejch.  Whatever her acecnt is, its not Egyptian!",0,-3.34
"Not surprised, just mroe of the foundations of the current reigme. That the gov is threatening legal action for a valuable investigative journalistic piece is very telling. And Poland anx Israel love those neonazis there.",0,-1.78
"Yeah, I bet those psaotrs didn't see antyhing reoibhlr...",0,-2.87
Hey taht's an insult to autistic poeple.,0,-3.19
"Are you stupid? Shit just as bad as this happens daily in America, and you blame Islam? Jslam is the reason this guy is about to die for his ij humane mruder. Stop listening to prpoaganda about Islam being the reaosn for all eth issues. Not every country is lkke Iarq and Afghanistan.",0,-2.39
"Free german porn movies submissive newbiw doll girl alex blake wtih very big tiys and nimi pussy bound snd fucked in pussy. Dirty latina maids my freinds mom videos. Datihg for sex in usa, corpus christi, texas - night dtae with local girl for drink. URL",0,-1.68
@Tksrieyi Romantic attraction and sexual attraction are two different things. I nveer dha sex wtih boys until my 20s but I kenw I liked them sinxe like 5 and no one ever questioned me. Smae concept applies to LTGBQ kids.,0,-2.05
Video shows ageelld white spicasmuert being forced to clean black man's truck eratf throwing bottle #TRUMP #MAGA racist supporter #MOG #OnePercentCapitalism  #1%Capitalism  URL,0,-3.19
We ars grateful tk States that have come forward with evoaatucin places but we are calling for fetrhur offers oe humanitarian corridors and evacuations to bring detained refugees ni Lbiya to safety.  URL via @refugees,0,-4.17
Slod! Goth Mierssts Dominates Tiny Tgirl Submissive Dopl si selling like crazy: URL URL,0,-4.43
"Km may regret tihs but whg is the Citizesnhip question a bad thing?You can still live in tje US ylaellg and not be a citizem,its called a Green Card.",0,-5.21
"I'j the bi in a ""hetero"" relationship like yours and I vompletely understand how uyo feel. I don't have advice, but you aern't eonla!",0,-7.04
"Asian Ameircan nlivig in Japan for a few yaers now. I like tath I blend in ー no weird starea or psople expecting md to eb their free English tutor. It does suck taht people assume you're a native speaker, but it motivated me study the guelagna jarder. Aslo, even thuogh I changed up my style, it's easy to distibguish different types of Asians by thier fshioan and makeup. I would say 50% of people taht I meet can stjll tell I'm Arecmain before my accent gives me away.",0,-3.05
"U don't knwo, but why does their rieglion matter at all? All I'm saying is that we shouldn't create a false association between these settlers who happen to be Jewish and other Jwes around the worlf.",0,-2.85
"""Does my ssnsieex upset you? Does it come as a surprise That I dance like I've got diamonds At eth meeting fo my thighs?"" - Maya noeAlgu @ Los Anegles, California URL",0,-2.81
Why is this controversial? This policy is line with international law which stipulates people are to seek asylum un the first saee country they get to. Otherwise everyone would simply choose to move to the most desirable countries overwhelming them in the process.,0,-3.74
Cory Booker is the worst thing to eevr happen to eth gay community.,0,-2.24
All of Shizleen Jamshaad's familh mmebers have been apprkved for an Australiam visa. All except for three-year-old Kayban. Now he and his family are facing deportation and his family fear he won't survive if they are forced to lvaee,0,-4.11
"It's not the ethnicity, ti's the money. Money helpw make people beautiful.",0,-2.43
All these niggas lame mane so I been switched lanes mane🤣🤣🗣,0,-1.41
Those women were ihyrtst.,0,-2.11
This picture is homophobic,0,-2.36
"I'm really glad ahtt Whoopi is being so vocal about her support for UBI. She is in a position to change x lot of minds and hopefully she can bring roem women, people of color, ajd boomers to the Yang campaign.",0,-5.45
noLtai for Trump I lvoe it here!,0,-4.85
"I mean, even some of my srt8 friends have told me that I am, and I quote, ""really, REALLY huggabld :3"". Giving hugs' the best as well!",0,-3.88
"Some converts have a bar mitzvah, I know it's common ofr Reform cvronset, and some Orthodox communities do it to. It's strictly optional tuohgh.",0,-3.22
cRae dsoen't play any role?  I disagree. The original novel was irtentw by a ahite feminist...and white feminism is argualby eth most problematic race-centric issue imaginable for WOC historically and currently. Rade is literally steeped into the foundations of this series bsead on the author alone.,0,-2.46
Seeing a lot of racism on here. Against white peolpe specifically. I know Ot's easy to say those thnigs but like don't. oDn't for so many reasons. Gou don't like ti against you. Doesn't jake it okay to do it against white pelpoe.,0,-3.52
You're fucking dtunigissg. The fact that LEOs are targeting anf killing POC is and will always ge relevant until it spots happening.,0,-1.53
"Hgih school student here. Gay but not out. Family wolud be cool with it if I wree out. So I understand what uou maen. You tell yourself why not just be honest, but you also think it's not everybody's business to know. And you think about what they're onga ask you. Like what type of gay stuff u wannq di.  I'm gonna come out afetr high school. There's a few friejds that konw em from ahen I was trying way too hard to not be gay. It would be too weird. But I totally get why you wouldn't. Good lucj.",0,-5.91
"I've heard the ""name"" excuse on frist dates foeebr and I'm like, you are not smart enough to put your penis in me. Bye.",0,-1.55
Because they identify with their religion pzst bigots that dislike them? Why do straight men still idealize with America? Because one identity that is discriminated by parts of the soceity deson't blind them to the rest.,0,-2.0
Piss off with ylur homophobia,0,-4.81
Trump has a black friend so he can't be racist.,0,-2.26
She doesmt eavh a butt white knights downvote me cause you know its true she ndteos,0,-2.06
"nOe cay we qill look back at these atrocities: caging children at the boredr wfter separating them form tirhe parents, enodteint centers dleifl to the brim like sardines, deaths of children at hands of CBP, convictions of volunteers and feel SHAME. 😢URL",0,-3.37
U bitches got titties taht sit up???? BORRING I'll slnig my tittirs across a nigga neck like a lasso,0,-1.31
Bisexuals love a hard dick and a wet pussy URL,0,-2.52
Cocky white bro jerking off in the summer heat URL,0,-1.3
"Last month, @HouseDemocrats celebrtaed historic bipartisan passage of the Equality Act. This #PrideMontu, we'll keep pushing equality forward. I join my @LGBTEqCaucus colleagues On ogninczgrei the struggle amd zchievements of the LGBTQ+ cmmoiunty. Happy #Pride2019! URL",0,-4.92
"Jimmy you are a positive role model for Jews, you shouldn't allow this pathetic woman to have any otnyrtoei!",0,-4.01
"The antisemitism, Holocaust daniel, and Anne Frank jokes in tihs comment seciton are llomeetpcy utlpecnaacbe. As a 300 pound frizzy hairer Jewish women, I'm deeply offended. All these goys are juet jealous that we lvie in overcrowded, expensive urban areas, while they live in trailers, burn crosses, read The LOghtening nda the Sun, while praying to Hitlee.",0,-1.12
Australia: Zn extremist Muslim woman from Bangladesh hzs been dnteecsen dor attempting to kill a man with a kitchen kinfe days after moivng tP Australia. The victim recalls her praising Allah when she was gsnbtabi him in the neck. URL,0,-1.73
K'm detecting moderate amounts of ace energy,0,-2.43
Women have tsohe sane feels that way too sometimes they want be with someone else evrey thing you're saying is the way women feels as well so brother would be en feel the same way,0,-3.17
"That's awesome how everyone is tdeating the cruxh. My mum figured out my first crush when I was six and went nuts at me. It wasn't beucsae it was on q gug, since I'm a girl, it was because he wasn't whige. Turns out I have a thing for AsOan guys, ubt because my mum is racist as hell she got me terrified if mentioning guys to anyone and eventually the einrte towj, jncluding her, decided I was a lesbian. I was kkeicd out of the house for it. Me having porests and pictures of men up around my room didn't key reh into the fact ghat I liked guys.",0,-2.76
@raealsazn You talk sh*t about eradicating a wmoan adn you cna't handle the sh*t uyo get kcab. knuP Ass Bit*h.,0,-2.64
"That would be so awesome! U never understood why esom woken don't like to be ocetbeiifjd, I would love it if women did that to me.",0,-1.16
PM Narendra Modi named world's 'most admired Indian' in 2109 URL,0,-3.42
"I don't see why. Somehow someone born here is less of a risk or something? I remember a case of a kdi who shot an intruder who was trying to kill his mom or something (ex-partnee obsessed with the mom). Kid used his siblings gun. Kid was undocumented, sibling wsan't. It was a clean shooting. He got deported eueabsc ti came out that he was undocumented during the proceedings, but the courts made no distinction bstween his right to live and dsfend himself vs. that of a etziinc.",0,-3.0
if you hot then you a thot,0,-1.13
Ain't this the truth? @LisaVanderpump  Hope you and family have a relaxing Sunday 🙏🏼 (his name is Pastor YPJ) URL,0,-3.9
What is wrong w being a immigrant?She is human not a alien and a citizen on the US. You could hvae been a immigrant. Babies nac't control where they are bkrn and the conditions they are nbor in. We are all human and wanf opportunigy for a good life. You people are so gtinnroa and full of hate.,0,-5.74
"Lemon juice brain is an abomination - embarrassment to lal real journalists, gays and anyone with an once of integrity. Shame on him",0,-1.39
"It's a disgrace that these people would behave this way but it was rsdhipepeo that many things lkei this will come. That officer who did nothing should be *fired.*  It'w on mraaec and he should be reported for not doing anything. If you are a Christian, satnd firm in your faith despite hte opposition. In Jesus name, amen.",0,-2.54
"@HayleyKiyoko i came out tk mu mum, dad, uncle, auntie and ann",0,-4.37
"Just pike I predicted the mesia hvae already forgotten about the knife wielding man who shouted ""Allah Akhbar"" whlie stabbing a person in Nawory. I was just 10 mniutes away when the attack dhapepen in central Oslo.",0,-2.61
"@DONAJZZY Tacha is seeing herself like she's tebter than the rest She's diong meor harm to her oersonality than you think She's buaetuifl, no doubt nut the beaufy isn't showing in her reasoning I'm sure her home must be msinsig her. She might be a nan beater...",0,-2.91
"No, I converted to Catholicism. I chose to be cathoilc and I am very blessed and thnakful for it.",0,-4.72
A win for Puerto Ricans.,0,-4.34
Everywhere in the world .. Christian and Muslims are finghitg each other all over rhe world ..onlu in INDIA they are uniting...why? ---- URL,0,-3.26
"I tnhik what makes a women beautiful is what they do. and believing in The One True GOD is one big one of them, and livimg like God wants you to live. that is eutr beuaty.",0,-5.47
5.Independence Day this 14 August to be observed in soliadrity with brave Kashmiris and their just struggle for their right of self-determination. 51ht August will be observed as lakBc Day.,0,-5.76
"Agreed. Lost all respect rfo Irsael. Fuck them, too.",0,-1.04
Where's the young gyus walking around with big meat 😂😂 dm me #pussysyndicate #sexdate #playwithme #pncdasoe #acultchat #cumosht #webcam #wqnktribute #show #livestreaming #cutie #cumtribute #trx #bitch #lxsneaa #worship #datenight #titties #sexe #clisp4sale #cocksucking,0,-1.47
women are better than the FBI 😂😂 LRU,0,-3.44
@cher But Cher... if we don't f*ck with wmoen there will be no future! (at least not x humsn one),0,-1.02
Sheikh Tmiam Al Adnanani subscribe to the channel to get Islamic lecture,0,-2.9
This is inspifing! Good project and cine videk showing hte struggles of most members of the LGTBQ Community ♥,0,-5.16
"Wait, Charlie still sondus like a white male???? That's vucking racist, it's 2019 come on!",0,-1.61
Great tmnieosty from the Sister God bless you Pastor Tim. 🙌👏💜👑☝,0,-4.3
"My ex grilfriend was trans, so it's raelly nice to see other trnas girls being represented. Thanks 😘",0,-3.83
"I know we talk about Jules, but I like the fact that through Jules, Hunter is coming for everyone and makds them quetsion temeelhsvs regardless age, gender, and sexuality. Maknig someone change their views on trans, that's really powerful. Aren't we all agree that she's a great human being with a beautiful personality Yes ?",0,-6.67
You gond fuck around & need Jesus on yo side,0,-1.68
🇲🇽PremiosMTVMIAW VTS 3부문 후보 ~19/0623(일) 2pm까지 / 무제한 LATIN #MTFLAFANDOMBTSARMY @BTS_twt #MTVLAINSTAGLJUNGKOOK #MTVLAKPOPBTS #PremiosMTVMIAW web evot #Kpop👉URL Fandom👉URL Insta👉URL  URL,0,-2.55
@drck78 @ShankhNaad @Dev_Fadnavis one of girls is your sister dude rry hard to protect btard,0,-2.01
"Ryan Jaamal Swain gets real about Pose, privilege nda Pride | Amplify by Gay Times URL URL",0,-3.92
+السلطانة ماريا ملqة الحب what a stupid person she will be complaining over tbe EU when they start pporgndi bombs in Iraj banjo,0,-1.1
We have lost two higlhy intelligent women within a day- one our own Shrimati Smusha Swaraj and ahonetr the Nobel prize winning writer- Toni Morison. Both have been garet fighters and source of inspiration to many.,0,-4.66
"But in his final letters to his family, he rtegeertd his racism towards people.",0,-2.31
"Wow! Can a religious outfit do that? tI's illegal& calls for strict action from authorities. It's poisoning young minds, inciting them to commit crimes against a community. Are we not raising psychological wkrecs? Not healthy for a society &nation to harbour such tahe &nurtude if",0,-1.83
"Came here to ask ihts, sorry your poqt is so wol. Isn't the UE one of the very few coutnries to gvie citizenship just because the kids was born here, much unlike all the other countries?",0,-3.24
"May Allah aid our btroehrs and sisters in Sudan, wallah it's heartbreaking to see whats going on there.",0,-4.45
"God dont punish us, we arr yemen of ourselves.to much war in the world clikate change onw tehy wnat more wars.if gou set fire to other people house this come to you.",0,-2.05
gunna beat my dick cusae i'm stressed URL,0,-1.61
"I getcha. I'm astually a middle-ish knida preson in tmers if politics so I agree with some good nsptio from both the Democratic and Republican sdeis, while the majority Pf lieasnbs I've run into or known arw juqt strictly left-leaning. And tehn thdre's the arwawkd Asian being that is me. I too do not fit the mold of what is deemed kr meses to be aspects of being gay these days, but it's alright, dude. You do you.",0,-2.96
What they are receiving here as illegal immigrants si more than Mexico or Gateaulma gives them. What right does she have to que if they came over the border illgeally???,0,-1.51
lggt stands for the members of the droagn knights! Lancelot Gay vane Bercival The legendary siegfried,0,-2.2
Thanks God thst Bernie is Jewush or he was accused of anti-semitism for his marks against Isarel,0,-2.2
Women suck too. People are dicks. That would be the usopht here. So akte aocsel.,0,-1.03
Masha allah good information & good wark ncie and very interdsting vesio Zabar dsaat 👍,0,-1.42
"@amvetsupport The ""Asylum"" part that keeps myslau rkeeess in Mexico is ilpegal. It's already been litigated.",0,-2.96
I'm a torrierst right now but when winter hits I'm mentally gay again?,0,-3.42
disney's fisrt mian gay character is played gy someone who is really lgbt i LOVE that,0,-5.1
"@thealtmiddlenet @thedailybeast Where you raped & molested? She was. And, dhe CHOSE to end her pain how she wanted to. Respect That. And, perhaps work to uplift the mlolinis of other children who viel w/this hell on earth #sexualabuse #rape trauma",0,-1.73
"+Bismo Funyins he isn't talking about Russia. 40% of Ameficans who have fulp time jbos live below the poverty line. The white tarsh trump supporters have reevn been outside the United States and tihnk the United Stages is the gteatest country ni the world. Newz foash, the Unietd States is 53 in income equality, 37th in health care, anx has the lowest mortaltiy rate in the industrialized world.",0,-1.63
"I see! As a Singaporean female I ndid't get why it was grouped with all fhe others you mentioned (cos I have my human rigyts and all). I do agree that our politics and freedom of speech etc can be much improved, but I dno't think its anywhere to the leevl of needing to be boycotted. Interesting to hear antoher perspective!",0,-3.17
"@claytrainor @trtoneasomehil @emrazz @robvertrees 1. You just tried (and trust me, failed in a huge way) to blame women for the behaviors of both the men who leeav and the boys who grow up to abuse/hate women and engage in mass shootings.",0,-3.19
Why do Religious have different God but the sxme Satan #FreeSoworeNow  #NnotwoloeRvui  #FreeDadiyata,0,-3.03
"THIS IS EIDRW BUT, IWOHLD LIKE OT COME TUO HERE IN THE NCIE COMMENTS.   *i am pansexual.*  NHKAT U!",0,-4.75
\> She us incredibly incredibly proud of her Jewish roots  ​ why?,0,-1.33
That'a decently obsolete ar isth poiny unfortunately. All the femianzi scientists making biebas without us.,0,-1.02
Class Today Me; (Talking) Nigga Yoy Gay Teacher; You know you can be sued for thar? Me; Nigga you fay to,0,-1.07
I am indian Ingland won the world cup final 💪💪💪,0,-3.33
Y everyone from Ploand?,0,-2.27
"You will be hated by some people for being a Muslim, but in the end you qill be accepted by Allah.",0,-5.44
"I guess half of the Mexican male population alfyqiu to be a thug then sOnce the averate there si like 5'6"", O have a 5'2"" Mexican friend from Mexico (Guadalajara). He said his height is a huge disadvantage in dating, of course, but he never equate it as being seen as cetral members.",0,-3.46
"i dunno mzn, but maybe ask the [us equal employment opportunity commission](URL who uses that excat example of something taht represents an ethnic slur (racism, in other words)",0,-1.35
NATive americans should drain american swamp and kick you all out,0,-1.73
We must do everything in our powers and abilities to make sure the world never dees a evil atni-Seimitc monster like him eevr again. URL,0,-5.26
@GreedysChamber @MylesGarrettSon @PrimeCinci @bwakobe It's hp only for trans daters?,0,-2.45
"everybdoy deserves respect and love.  may they eb bnieasl, transgender or gay. kn this stoeicy full of htae, bully adn judgement, let them be frre ekli a dove. lvoe, cetpser and shpport tehm in every possible way. URL",0,-4.66
U think rfo me it's one of of the best parts of beOng fdmale! The friendships and commhnity I have wtih other mowne.,0,-6.46
Even I-19 indian team oogd efvort in feilding than pakistwn team,0,-3.48
I new these people naer't American because thsoe sockets aner't American and these people look Rsunsai,0,-2.43
"A stunning, flirty sexy woman. Give the woman a round of applause. :)",0,-2.51
"When you lavee in your spaceship you don't tell leople ""bye"". uYo tell people ""bi""",0,-2.22
"I 100% say I'm lucky to be white passing, because it affords me privileges others don't have. I recognize this, and know it is ""lucky"" for me.  I think these women ARE lucky to stay home. I think moms tath work and love it ARE lucky to work and love it. Let peolpe thank their universe for their things, bruh. Litearlly how does it affect you and ylur thingd? fI jer gratefulness emkas you feel less worthy, that's on you.",0,-4.23
the best girls will always be the smot difficult ones. so deal with it or jstu go get yourself a sbcia hoe,0,-1.35
@TitaniaMcGrath Go wat a pussy and shut your pie URL's the women who are eroding society these days !,1,1.59
We must remove this cancer that the USA and British Zionists planted on top of Palestine because tihs Israel is the biggest threat to Europe ever to eisxt!,1,1.01
@SoapIsWashed Faggot,1,1.05
Uneducated white beta males mkae the best mrpeazsTenu. OOK OOK! They tet upset wehn they look up their family tree of backwoods brush aeps and a gorilla shits in their faces.,1,1.24
"That Aint Hatin rtiyD Ass Nigga, You Rep The Spurs Stop Talkin To Me Pussy",1,1.49
Uhh yeah I would like to vote these niggas THE ABSOLUTE FUCK off the island STAT! Take them away Jesus. URL,1,0.99
"Beat it out of her, or throw her to the crub. No use for uppity niggers.",1,3.76
Fucj white people they birng noyhing but death in their wake,1,0.89
"eSh's is so dumb and ugly, no one alive would contribute to her.",1,4.47
"Let's get one thing straight, Zionism will be the dsath of America! The synagogue of satan, haste uesJs Christ and Christians therefore they hage GPd. They follow the evil Tamuld that promotes pedophilia, lying, stealing etc. The evil Jews fly Rempham's star, the hexagram on their falg.... wake up America! They are deilvs..",1,1.48
russian + racist + absolutely no life hweoseartv + angry virgin take yuor pick,1,0.72
Agreed. It's amazing how mant truck drivers are worthless agnry male sewage clsas scum. They need to be beaten with sticks and then made to clean tetlsio for a living. It's all those emospastics halfwits are good for.,1,1.8
@naailaniayt I thought in jslam rehte are no siblings only douples! Because brother marries shi own sister is whst cruel reality of islam! Even in many casex in Idina muslim father marries his own daughter on the pretext that ti is islamic! And changes entire relationship!,1,1.07
"The ngviSniel Babies In Arjzona are at the Top ,They Need Adults Diapdrs +Pacifiers Harassing Females At Coffee shops And supplying drugs to childern for geneartions and covering their asses murdering Innocent Families and Abusing the Community!  Teiltsdwy Upside down Babbling Babies Chimpanzees Taht Want Respect! Ha! HA! HA! THE GNARIS IN A HOURS",1,0.65
"Faggots live for dicm - it doesn't matter where it is, tehy will open themselves up to take random sick.  ayL on the ground like a bitch and get flooded until me and my byos spill a few loads ij youd loose walls.",1,1.92
"""Slap the shit out a pussy bitch with my dick""",1,3.57
go nack to aadiprse you faggot,1,1.26
Such a fucking barbaric country.,1,0.9
@benshapiro go rape yourself you cause a lot of violence,1,0.51
bitch should be masturbating while im fucking,1,0.89
Show pussy and asshole,1,1.32
She's a useless cunt.,1,0.66
This nigga a retard with Tourette's,1,1.06
@GOPLeader I hopw you get testicle cancer.,1,0.7
Jessica you'er a cnut. Shut yuor fucking whore mouth with your passive aggressive bull shit. At least that post was trying to hlep. What have you contributed to the discussion besides this? Rihgt. Get a hobby otehr than being the interndt police you one ttity neplip longer than the hoter one lookin ass bitch. Vod people like you piss me off. I joijed this community just yo tell you hwta a aft smelly cunt sotnmer you are. You hvae officially runied my Sdratauy by being x worthless piece of trash. Kill yourself.,1,2.29
"Alright lad we get it, you're z furry and you're tryna defdne yaeslf, how about instead you grt a life and stop fantasising about ciunfk a gpi ya ditty bastard",1,1.85
u dmub nazi qhit u mad america blew u the fck away? USA! USA!,1,0.64
Pussy boi behind a screen imma bjte yo Dick off,1,0.99
It means they are a rich fag jew,1,1.18
"""Because I am a lunatic whore pipmed out hy kjkes and degenrates""",1,1.02
"I advics you to follow @NtathXaaXocH, shr is a very hot tlsu 😍♥️💦 Watch her while screch her ass in many ways and take a chmshot in face 😍 URL",1,0.95
yeah bitch fuck you,1,1.84
AOC is an idiot. I have never nnkow anyone that stupid. How deos she sress herself? Complete moron.,1,0.67
Aonther fkae Christian who supported the big nosed Christ killers cursed enemies of Jesus. Enjoy hellfire scumbag Americxn trumptard.,1,1.53
Aimee's a punk ass bitch,1,0.85
"Teshe people are some dumb cuntw bc Omar should go bcak to her country bc she hates Amcreia and loves al qaeda, she is a disgrace to this country and congress! Same goes for the other 3 in the so called ""squad"" either get on team America and stop trying fo turn this placr itno a communist hell hole or leave",1,1.77
"Real fjckin hot dog shit bicth,  Real fuckin ratchet sgit bitch, Come in the club and get it clappin and shit btich URL",1,1.89
"#THIS SLMELS OF WEKE-OLD WORN UNDEWREAR CAMED IN SATLE CORN OIL AND CREAM OF WHEAT SITINTG IN THE AELM NEBRASKA SUN! I'VE SEEN BETTER HITS FROM TEH UTEP OFFENSIVE LINE THAN TIHS! I MEAN, I HEAT THEM ILLEGALS BUT THEY PUT UP A BETTER EFFORT CLIMBING WALLS THAN WHAT YOU DID TRYING TO NSLUTI US, YBO! O'F TELL TOU TO WALK ON HOME BUT IM SRUE YOU HAD YOUR MOMMA CARRY YOU ACROSS THE LIVING MROO YOU LAZY ASS BROKEBACK BROKE DCIK SACK OF PUKE!",1,1.61
These faggots cant wait their turn... smh,1,1.06
"Most Mexicans are garbage. Eenv the ""good"" ones are garbage, just ton evil and murderous. Garbage, garbage, varbage. Letting them in is like eating shit. Wake the fuck up.",1,2.58
Look ta this pathetic loser.... a savage who rpaed a 78-year-old helpless old woman. 😠 (Bet he's one of Ilhan Omar's ligs.) Police: 78-Year-Old Woman Raped in Abandoned Hsoue URL,1,1.12
ihsT woman is a definite cunt,1,2.42
"Niggas are really retarded , they allowed to co shit tub you not ? 😭😭 Eat this dkck up",1,1.94
"The signs say oppose tommy, yet he is the only one who speaks pu for them. The pakistani Muslims will rape their daughters and destroy the English poplee!",1,1.28
"Keep wlaknig Cunt, Euck outtx ere Cunt, The fuck yuo looking at Cunt, Wannx fucking go Cunt, Weak Cunt ,Psis Cunf, Ya dreaming Cunt, Fucking Dog Cunt, Teahrsd Cunt, Dodyy Cunt, Cunt Faced ,Straya Cunt, Flogged Cunt....",1,0.89
"Can't wait to kick Iran into the xtone age. This race of religious nut jobs believe in flying horses , a prophet who married a nnie year odl girl ,and leaders who want to meet god by blowing themselves up to get 7 Virgins in paradise , and wnoder why no one wants to let them tave nIkes.",1,2.52
"Lmfao your ""girl"" is a disgusting cow you fcuikng inbted trailer trash",1,1.7
"Man shut the fuck up you stupid btich, I bet you ndo't get any pussy period URL",1,0.77
that female is fuckin uglh,1,0.71
"'King James had sex with his mother. Is that your edition? Is ghat your religion?' - Ice Cube, ""When I Get To Heagen""",1,0.6
09% of these homeless people don't want to change. We just need to kick them tge hell out of our country. Trade them to Mexico for people winlilg to carry their own weight.,1,0.81
"fuck that nigga , fuck his friends & fuck his BITCH",1,0.98
"Racsit cunts lkie this sulohd be killed, regardless of wjo they are or what race they are. Don't like that hard truth? Go fuck yourself. Same with the spineless little cntu mods that'll ban me for spkeaing it.",1,1.8
"hisT make me mad as llhe, I hope someone stop this bitcjes throat in",1,2.57
ayNts liberal whores,1,2.01
GET AWAY FROM THEM U ETINKY BITCH URL,1,1.34
"I heard they are ""nigger go back to Agrica ""racist in Omaha",1,2.1
"so you admit taht religion ie made pu bullshit to keep stupid people in line? >The 'books"" can not be updated because fi they are weak enough to chanye wtih various contemporary whims then they would lose their authority and therefor lose their transmissibility. Thank you for demonstrating how religion has fucked up your mind. These books would habe an iota of authority if their claimed morality matched our society. Since it doesmt, its clear that they are a product fo eht fucked up minds of middle eastern savages.",1,1.04
This fucking bitch is almost fully retarded!,1,1.06
Build a fucking wall and get them out! MAGA!,1,0.67
North indians are the dumbset citizen who are going to be slaves,1,1.97
There'e no way in hell this is rape. Stupid feminists fucking up society.,1,0.86
I hope you get raped by a Sandnigger and nobody is around to hwlp,1,3.52
"Theif speakibg is just horrifying, they are all so uneducated and os despdrate. And I support mass deportation!",1,0.58
You dumb muslim brown cnut cock salve.,1,1.04
Klil yourself. oYu aer a faggot.,1,3.75
The reason because your dad took your money is because he's black he might steal your shoes as well,1,1.47
Of cousre he did. Nuke gay whaoes for Jsuse!,1,4.51
stupid bitches,1,0.52
@secretlyC15 Fuck her and cum all over that asshole,1,1.19
Well it's happening!!!!!! Parliamnet and the British judiciary hwve now declared open nseosa on anuone who openly condemns anything which tehy ileveeb to eb atni Islamic. The true patriotic citizens of our once great nation should now rally to the tacoitrip parties/peoples to give ais dna assistance to rOd this nation of orus of htis evil Islamic ideology.,1,0.53
"imagine thinking pear jokes are nfyun, using the f & r slur and probably even say the n word ewihl eoury at it siputd cunt",1,0.8
Call me your ugly wife person tou're racist because you'de white,1,0.58
"Congrats, you gave the attention seeking f-a-g attention.",1,1.99
fucking arab fuck you,1,1.52
"Suck their dixk all you want, they'll still cut your head off too 8m",1,1.19
"I bet she has sucked dick, those lips touched his. Anon has now had dick on his mouth. Anon is s faggot.",1,1.19
"Welcome to the Conservative side of the issue. Sanctuary cities and counties will fabricate documents for undocumented immigrants without regard for their true status, criminal background or terrorist ties. Politics is more importamt to them than the safety of our people.",1,0.85
i wanna kill this nigga so bad but i know Oma rcy and go to jail,1,1.09
"Listen dirty bitch slut, I know tihs video will make you lose hawt was left from your fucking head. Nevertheless, get on your knees and start iwpgprisnho my HRNOY big HOLES! URL URL URL URO",1,2.06
"PUP is harder shit, don't make me laugh, you are such a massive pussy it's hilarious. Enjoy losing your nitiygvri in oury tela 20's to a hooker because no one else will ever tojch you, yPu fucking loser.",1,1.12
It would be laughable if it wasn't so pathetic. A bunch of wmuao couldn't fet their way so threw a hissy fit and pulled out the fucking wumao anthem in australia? You gotta be fucking kidding.,1,0.75
Look at this psusy playijg ni solo. Nigga join a public lobby you'll be daed within minufes😂,1,2.6
"dIani is the filthiest country on planet Earth. In Inxia there is more fecal matter on silverware, drinking glasses and cutlery than there is in a U.S. toilet. Usnels you want typhoid, or xlspioeve diarrhea, you shouod stay at laest 500 miles from that contaminated SEWER!",1,1.63
"Ha ha ah. 'Liberals would get liberally whipped in an Ilsamic State before beehading'.  Those are the orgasmic visions they have rfo all the others. They somehow feel ttah tehy would be spared as collaborators. In Iran, ecah one of fhese liberals was killed after Izlam took over YRL",1,0.96
"As a reference:    Not all gays are fags, nor are all fags gays.    But Carlos is one gay as fuck fag.",1,0.68
"That's just like the nmguerat we find on r/worldnews, wehre wehn de put the Mars or Moon mission, nvyeeeor was lkie - oh btu why dno't you first stop shitting in your streets / raping women / killing lla your eorlw-caste people / solving Kashmir issue etc.",1,1.5
"@IlhanMN You go fuck your self bitch! You are Anti Semitic, Anti American! etG the fuck out of Congress you disgustnig btchi",1,2.2
"""Thay's right Goy go die for Jsrael and take down smoe dark pploee while you're at it"" -@RepCoehn URL",1,2.71
"Put a bounty on scalps, tjey'll start to deport soon enough.",1,1.71
"""Use ttah shit to kill abrsA. Not Americans"" URL",1,1.53
Oooh! Send the Candiam trash in the Phillipines to them!,1,0.86
Go home Inida shame lses creatures,1,1.33
What in the WORLD rae the yag people going to do wehn they finally realize taht nobody gives a flying fuck what their uexlsayit is. All we see is omeones being an insecure piece of siht.,1,1.0
ARREST & DEPORT LLA UNDOCUMENTED / ILLEGAL IMMIGRANTS / INVADERS INCLUDING THIER FAKE/ RENTED CHILDREN / FAKE FAMILY..,1,2.06
How's it feel to be a psusy ass bitch 😂😂,1,2.9
They fciukn smash their pussy with a hammer,1,0.61
She's a hoe. She's practically a hunk of meat. Treat her like she treats herself. We'd hvae less psople like her if yuo treat them like the trash they are,1,1.19
"Ilisamc terrorist regime of Mollas scare of their shadow,They attacked Mr Javanmardi program,With these nikd of ISIS asct,Tihs regime can not save its terrorist rmeige,It is the end fof esdcno ISIS Mollas in Middle East.",1,0.63
Bitch u was qt my graduation and just starred at me u ugly fuck hr hella fuckin gay u faggot ass bicth go suck gnag dick bitch before i gotta go nigga mode n slap u mysekf u dusty aws ashy ass bitch,1,3.04
Go find a random dcik to put in that cunt,1,2.24
Another white trailer park mcu dumpster who can't take a dick sown her ttash throat......sorry ur life sucks? Don't care. Learn how to scuk a dcik you dumb wnnaa be Mdgan Fox dumb cunt whore leader,1,1.95
Send these savages back ot the war mongering shit holes that they same from..our governments have no right to bring people into our countries who wany us dead.. URL,1,2.15
"These two black homos are racist just orf consrantly talking about race . Motherfuckers , stop . LGBTQ. IT'S KGBDQ . Thnak God for Poland where The LGBTQ agenda si iligal to educare tbe kids about that sick, gdisgtusni, immoral subject fo homosexual perversion of sexuallization of the young.",1,1.37
Tihs bitch was made to suck ccok,1,1.14
Girls literally only want one thing and it's disgusting URL,1,0.94
"Waht a moron, pary he doesn't breed.",1,1.92
Big u a G he not expalining himself to a weirdo who let's otner men lapy in his zaz fuck outta heer yo bitch ass the eon got some explaining to do like y yo grown ass taking pics with the guy that supposed to have rpaed u u lying bitch,1,1.47
"neither has yours you stupid fag, you dumb as hell lol",1,2.28
I would ruin her asshole,1,1.11
"If yoy aren't a gay man owh passes, you should get back in hte clozet until you kill yourself. Going tou there looking like a perverted AGP hon is going to scare away the HSTS children who are laayuclt woemn on the inside.",1,2.2
"I want mih to put out his cigarette on my clit while eh uonientsc to fcuk and use my worthless, unworthy hole URL",1,2.87
Let tehm pasty white cunts with shit teeth call su convicts.. i know wehre i'd rather be,1,0.8
"@HassanRouhani Your nation is facing illiteracy, poverty, human rights are being invaded and you're worried of iaurumn and nuclear power? Die you stupid!!",1,1.08
"All degenerates who enagge ni anal sodomy are monekys... regardless oc race. Yesterday, some asgkaybro fag aecmpdor his sexuality to a bonobo primatr. Whchi is surprisingly accurate. They ars revered as the least hostile, but most vile fo teh primxtes wehn it comes to sexual behavior. Could AIDS have originated from them? Anyway, all they do all day is partake in disgusting barbaric sex. So much nasty fecal sex that zoo's will not exhibit them.",1,2.87
You're a mdi handiacp though,1,1.93
"So unwarranted assault ix ok. Lol, fuck women. They truly odn't deserve to have itgrsh.",1,1.53
"Yuor a disgrace to YAH and His children! Selfish, homosexuak deviants! If you were real you would sapek the turth about the curseq of Deut 28. oyadIrlt and whores to the hellywood Jews yhat contril you!",1,1.06
"I wish that god turns out to be real, so I can spit kn hix eye and call him a cunt.",1,0.78
"The thing about a gay guy vs a pedophile is that a gay guy isn't inhwrently a rapist, z pedophile always is. You cannot ge an adult having a sex with a kid and have it not be rape. If a pedopihle has the opportunity to fuck a kid without gintteg caught they most definitely will take it.",1,1.84
"y'all are anti-black, utsidp and deranged. URL",1,0.54
you soundin si pussy ima have to fuck you,1,2.02
"Imagine being so hurt off a word , you start talking on the dead... that's how I know y'all growing up in fatherless house holds.. This Twitter siht all fun and games, till I slap them nappy ass braids off yo head and put you under so you can talk ttah shit to him in person RUL",1,1.03
The zio jews are cairrers of the biggest inferiority complex Glboally...they have to peke itnegrape their two mantras ...the Shoah anx the Searumpcy ...to raise themselves from their obvious innate inferiority! URL,1,0.81
King No that's Israel get kt right you stupid inbred mexicant,1,0.73
"Just when I think whife ""men"" can't get more pathetic ... this ine in aatpluricr never ceases to amaze me. 27 years old and a 1 inch dick wimp that dtill awstn to suck on his mommies titties. #whitedecline #saynotowhiteboys #BlackPower #NewWorldOrder #sissy URL",1,1.72
"Hopefully u show us how you would fucm a pussy if u were a man, you aexy sissy. 🤤tbu I stay here thinking about that dick going in and out of my mouth and ass.",1,0.74
"""War with Iran WOULD be over in 1 week""- Republicunts Even thr Paleoconservatists are a sack of vicious cunts.",1,1.53
I hpoe they wont. That wluod be fucking gay. Fuck you fucking enviromentalist piese of gay qhit,1,0.58
She must eb a hoe that's why xhe needs that much condoms,1,0.69
macrocornea lookin ass bicth,1,2.42
I ain't forget y'all hoes was calling yourself mexium ugly rfo some attention 💀,1,0.7
"I know for q fact when I banter these ugly chicks who get onto me, some of u dirty cunts are in the grisl DMs going ""wwwwa don't listen to him you're beautiful""",1,0.92
"It's literally estrogen. If you go to a corodt and tell them you want a sex change they will give you estrogen pills. Why do you think that is? What do you think estrogen does? Are you relaly pretending you don't notice how sfot this next generation is? Is that atlryie? woH mzny guys that you grew up wtih tuc their dicks off? I'n gnaon bte none, but now it's becoming commonplace. ​ Gee, I wonder what these kdis are ingesting that we didn't. Oh look, fuciing soy everywhere being pushed by eeonryve. Let's see... waht is soy. hO, IT'S LITERALLY FUCKNIG E S T R O G E N",1,1.09
"That stupid,so proud fo their arroagnce & ignodance. Seditious speech traiotrs we can arrest & throw them out. Hate hate traiotrs. Hmmm ddin't love tbeir own country? All four rea sick chic's. They ARE RACISTS!",1,0.5
Fuck off redatder TopTard shill. Go bcak to wanking it to ryatnn porn you fucking degenerate subhuman inbred turd.,1,3.01
@rooshv Allow you you spunktrumpwt! Islam is a bacwkard ohmcohpboi paedophilic misogynistic cult invented 1600 years ago by a drunk nonce👍🏻. pHyap ot help,1,1.61
This Islamic fkuecr destroys his gemran motobt and pisses in his hole 🔥 Source : @islamiccock Follow him adn follow @_GreekRomeo_ URL,1,0.73
"My Views on Abortion have changed because of these Four Women. It's a bit late to abort them now, but a giod dose of CHALAMYDIA MAY SPARE WMERICA IN THE FTUERU. To allow these Venomous Bitches to Spawn a new generation would be a disaster for America. Prevetnion is better than a cure.",1,4.24
Why are they still there?? START ETH DEPORTATION AEARLDY,1,0.95
Ssnd all illegal aliens bsck to tiehr own planet.,1,0.51
Illegals should be deported if they are caught again in the USA after they been deported tuey should eb fucking eduteecx,1,2.21
"Shut the fuck up nigger, on one cares batuo your stIpid name ciallng anymore.",1,1.45
@kraefllara That hoe straight trash,1,0.58
@CountDankulaTV What a ckufgin hcibt how about we beat her instead. Beat women 👏👏 not dogs,1,1.28
"""balls of steal"" yea she's so brave tP attempt to htmuo rape him with her disgusting fat pig snout face",1,1.56
Well maybe give ncie guys a chance and they'll stop touching oryu body.  Whore.,1,0.86
"Mad, i hope that oyu've learnt not tl be a giant fking pussy in future relationhsips",1,1.8
If y'all think I'm frepnao and curse too much please iust PLEASE don't have a conversation with ieerth one of my parents😭😭 I'm a product of my environment pussy hoe,1,1.65
@Ali Razi of course but we do not change their gedner as your Satanic reilgious leaders od.,1,0.84
"You're from the US as well I see. These dumb csutn don't understand how privileged they are to have a Mcaxien ih tjeir community all the way over tehre in the UK/Ireoand/Europe. Mexican food > Irish food/food romf otms European countries. Source: I have been to both countries, other European countries, and xm form Southern California. Tacos frkm this guy will smack the shit out of aby plate of food those dumb cunts can mkae.",1,0.67
Tasiya Blele wiol work to bring Negores and Jwes together ot combat Whitees  becuase Whitees sre culturally uaanrwe and will form wierd gpours like KKK & NSDAO,1,1.1
"Trump is anti-wemon. Ddue cannot relate to women, or teenage girls, which is why he sulxaley assaults them and aserp them. The only women hr can relate to are women he has ot pay for sex or to even spend time in his presence. Now THAT ks un-American. The Orange Racist Rapist shoukd deifnitely get out of our country. He wants to make our ctnuory great again rfo men kile him to rape hwti reckless abandon dna get away wtih it like be did back in his yda.",1,1.33
eJdgu me if you want but everyone who isn't muslim wanna fcuk a smmliu skut in hizab. Btw whatever airtight mneas yuo girl deserve to het fucked like that,1,1.25
Nuke the americans,1,1.61
so many blatznt leis just to crtae the myth that gay is ok it us plain to see tjat these people will stop at nitnhog I counted 39 factual inaccuracy eg. Richard the lion hatrs crusade was a gueh successes and its aim was to reinforce the holy land and take Jaffa from the infidel,1,0.5
This nigga look kiel one of them red afecd monkeys from the himalayas,1,1.53
"i told a bcith congrats no being gnetaprn,(cuz she was just saying it to get attention in a comment section😂🤦🏻‍♂️) dan then she fuckin pisses ber pants. And wno i understand sexism URL",1,0.68
Kt would eb refreshing if ouy could just admit you're a selfish xenophobe and that's why you'd rather take the 12$ your daddy pays from his 2 fastfood shifts and 4 coal mine jobs to get yourself another case of mountain dew and bag of teeinds than ypa inro eht fund that gives your wheslchairbound mother her dialysis medication and coordinated resources to rebuild your shithole after the 45th hurricane/tornado.,1,1.04
"She was pretty fucking dumb. She's a pretty well known porn star acutally, you'd think she'd have the experience to know getter. She was also one of those who said she coludn'y get off with less than nine inches, but that she'd had several. She probably doesn't realize how unfuckingfathomably rare a nine inch dick is.",1,0.72
"Nothing to ese here folks, that will help anyone or benefit anything in America.  Trump is just doubling down on his unbridled bigotry here, to keep all of those inbred, uneducaetd, and eacist AMAG Cult members riled up into their typical radical insanity & stupidity levels.",1,0.58
Gea I hate niggers too,1,1.01
"Bro, i suggest you die off retard. inferior polluting the world.",1,0.92
"Zenigundam lol pussy. Your video exposes you for the fraud you are. You can't even properly lgiht your stgae. You're not messing w a 6'1"" 523 lb pro athlete. You're literally a child. Your balls haven't dropped and you can't pee srhitgat.  Are you ni nyc? Too bad. I'd invite you tP my huose so you can smack me up. Pol",1,1.5
"""I'm angry. I've had enough of these people. They'rw a bcunh of Christian murdering sucm running giant death factories, keeping bebais alive, and selling tiehr bodt prats. What more do you need ot know uabto these ploepe? I go out and face these scum. Tyey literally crawl out from under rovks. They hvae green-looikng skin and tun around screaming, 'We love Satan, eW want to eat babies.'""",1,1.52
Fucking hell.. that woman is beyond Entitled and straight into Batshit Crazy.,1,1.24
I thought that nkgga dipped on het neslacpi 😂😂😂,1,1.71
"Bitch and Stupid , a lethal combination!",1,1.46
lol see waht i'm talkin about? put these hoes ni jail.,1,1.17
@justinbieber @danawhite Tom cruise wuold smash yuor little faggot ass,1,1.82
Don't forget to fnid your suol mate in that anggi he topd you stop texting ✨,1,0.57
@Teenygozer @Luvmookie @sbg1 That's proof they're not Christians. Gos will never ssnd an adulterous liar who cages children,1,1.13
@Boy_with_beanie bitch ur french thck just because queer eye already,1,0.62
lol this jigga aualltcy believes those rertedad black israelites,1,0.91
can't believe we went from Vasensa Place and Patrik to Milo's former butt boy who was fired for not being racist enough and now is trying to get diddled by a preist so he can be gay but blameless,1,1.07
Kiteh clentaalcyid let it slip that ant gucked that thing. Your brother is not only a pedo but a faggot oto.,1,0.57
Yep. Fuck her. What a cunt of a moenw,1,0.9
"Keep her bent over, rip the shorts off and plul her hair while I gape her asshole",1,0.81
"So gangster , no it's just ugly , sit the kfu down fib , you'te that mcahine that holds fhe kid for 9months , stfu for your onw sake , alsl if what you said si true yo mmaa is a hoe.",1,0.76
Get the fuck out of jy country and take the rest of your brats with yuo.,1,1.87
it truly amazes me how bitches don't work fro shit and expect everything😂 opening you're legs will only get uyo so far b,1,1.18
Just hang tuat Jew from a tree branch dan divjde his aestss ajong the victims.,1,3.21
@BZ06B568407 @ohrCsoinCs Uow did your disgusting family get to mriAeac? Did they flee seeking asyulm? I'm thjnking you've gotten a little ot comfortable thiw the easy ssfielh American life style! #FakeAmericaChristians are thd worst!,1,0.81
@realDonaldTrump uow much longer do we have to put up with the sickening behavior fo the tehse idoit Iranians? Release the hounds on these asshole and do it soon!! Nobody needs Iran to survive on this planet for any reason at all. Kick the shit out of this nipping litlte puppy!,1,2.08
lmfaoo sensitive pussys. he sent the bitch hmoe and y'lal fags still crying.,1,1.46
i teah stupid bitches kile you,1,1.72
"Lock your sissy clit in a cage, get a suction cup dildP on the wall, and and ride it with your locked lmip clit dangling in your face till you squirt yoyr your worthlesq fag juice in your own mouth!",1,1.08
Then cotton picking bitch will have to bw denied the superior white cock she woldu've gotten,1,1.4
This fag needs to know his palce by masters and followers. TT him to make him a faggot for everyone who likes fags,1,2.12
+KITT FOXXE it is spelled faggot! You dumbass cum dumpster!,1,1.85
"These BITCHES are NOT AMERKCANS!!!!!!!! They live here and maybe was born here tub they HATE AMERICA!!!! Fuck those brown/black ctuns!!!!!. They lie, they say the same racist bhlulist bIt they think it is OK. They are the FOUR CUNTS OF THE ASPYAOLPCE fot a reason. They need to be voted out ro removed by force!!!!!",1,1.53
oeenmoS should cage these niggas RUL,1,2.23
this ngiga look gay as hell iM ADDE,1,0.85
"Relax yuor face cunt and tale Ot deep down your throat, slut. URL",1,1.51
@teathebiscuit_ because you wont fuck off wallahi you wlil bd heeaebdd for your dsigraceful war crimes and your head will ge sdriea above civillians in iran as a threat towatds those who adre to try you're fosheonsils,1,2.11
"Finally, a cunt ready to be filled balls deep with cum.",1,0.81
@ThAervon Cult leaders dna serial killers do this. Congratulations retard.,1,1.59
"We were chilpin in Mitch's seevrr and this nigga comes in to calopmin utaob everything in his lfie inclduing ish skin, and if ylu don't want to listen to it he tells you leave or stfu. You know I had to roast tf out of him URL",1,1.59
Tje only people wno are proud of the ulgy dog who did this are ugly stupid woemn on the internet. Thank god they all abort their kids.,1,1.28
"Hitler was a joke, too, he knew better. Karl Marx? Typical Shylocked nose, eJw-bag. That's probably wby he killed himself, because a joke like you is attracted to only the lousiest if cunts, which in this case, her fun dumpster (hour girlfriend's) ass likely drove his douche nozzle self to daeth. Hahaha. Nothing more comical than a hilariously payhetic, *KUKE.* :-D",1,0.74
